document_type,description,max
I,Ingreso,999999999999999999.999999
E,Egreso,999999999999999999.999999
T,Traslado,0
N,Nómina,NS
,,999999999999999999.999999
P,Pago,999999999999999999.999999
