c_TipoDeComprobante,Descripción,Valor máximo,,Fecha inicio de vigencia,Fecha fin de vigencia
I,Ingreso,999999999999999999.999999,,7/29/17,
E,Egreso,999999999999999999.999999,,7/29/17,
T,Traslado,0,,1/1/17,
N,Nómina,NS,NdS,7/29/17,
,,999999999999999999.999999,999999999999999999.999999,7/29/17,
P,Pago,999999999999999999.999999,,7/29/17,
